{
    "mean": {
        "accuracy": 0.75,
        "f1_score": 0.5972222222222222,
        "roc_auc": 0.5,
        "max_probs": 0.2,
        "ece_10_bin": 0.5,
        "ece_1_bin": 0.5,
        "coverage_acc_area": 0.9300595238095238,
        "acc_top_10_percentile": 1.0,
        "platt_ece_10_bin": 3.342107345238876e-05,
        "platt_ece_1_bin": 3.342107345238876e-05
    },
    "std": {
        "accuracy_std": 0.0,
        "f1_score_std": 0.00721500721500723,
        "max_probs_std": 0.0,
        "ece_10_bin_std": 0.0,
        "ece_1_bin_std": 0.0,
        "coverage_acc_area_std": 0.010416666666666685,
        "acc_top_10_percentile_std": 0.0,
        "platt_ece_10_bin_std": 0.0,
        "platt_ece_1_bin_std": 0.0
    }
}