{
    "mean": {
        "BERTScore-Precision": -0.037388645112514496,
        "BERTScore-Recall": 0.01776178926229477,
        "BERTScore-F1": -0.008723864331841469,
        "coverage": 0.731389300667393,
        "density": 3.161287787294974,
        "compression": 31.455664227250683,
        "SummaC": 0.24242219924926756,
        "rouge1": 0.4043713235337605,
        "rouge2": 0.1942325263216066,
        "rougeL": 0.27886648841331063,
        "race_profession_stereotypical": NaN,
        "race_profession_demographic": NaN,
        "gender_profession_stereotypical": 0.2922027290448343,
        "gender_profession_demographic": 0.05112219451371569,
        "toxicity": 0.020831553847528994
    },
    "std": {
        "BERTScore-Precision_std": 0.0,
        "BERTScore-Recall_std": 0.0,
        "BERTScore-F1_std": 0.0,
        "coverage_std": 0.02177386105957535,
        "density_std": 0.16628014842300565,
        "compression_std": 6.624507189239335,
        "SummaC_std": 0.031127548217773443,
        "rouge1_std": 0.017092429345120508,
        "rouge2_std": 0.02393157024853837,
        "rougeL_std": 0.03331778540210828,
        "race_profession_stereotypical_std": NaN,
        "race_profession_demographic_std": NaN,
        "gender_profession_stereotypical_std": 0.0,
        "gender_profession_demographic_std": 0.16172542735042736,
        "toxicity_std": 0.0014078525127843022
    }
}